<?xml version="1.0" encoding="UTF-8" standalone="yes"?><rdf:RDF xmlns:cc="http://creativecommons.org/ns#" xmlns:crm="http://www.cidoc-crm.org/rdfs/cidoc_crm_v5.0.2_english_label.rdfs#" xmlns:dc="http://purl.org/dc/elements/1.1/" xmlns:dcterms="http://purl.org/dc/terms/" xmlns:doap="http://usefulinc.com/ns/doap#" xmlns:ebucore="http://www.ebu.ch/metadata/ontologies/ebucore/ebucore#" xmlns:edm="http://www.europeana.eu/schemas/edm/" xmlns:foaf="http://xmlns.com/foaf/0.1/" xmlns:odrl="http://www.w3.org/ns/odrl/2/" xmlns:ore="http://www.openarchives.org/ore/terms/" xmlns:owl="http://www.w3.org/2002/07/owl#" xmlns:rdaGr2="http://rdvocab.info/ElementsGr2/" xmlns:rdf="http://www.w3.org/1999/02/22-rdf-syntax-ns#" xmlns:rdfs="http://www.w3.org/2000/01/rdf-schema#" xmlns:skos="http://www.w3.org/2004/02/skos/core#" xmlns:svcs="http://rdfs.org/sioc/services#" xmlns:wgs84="http://www.w3.org/2003/01/geo/wgs84_pos#" xmlns:xalan="http://xml.apache.org/xalan"><edm:ProvidedCHO rdf:about="http://resolver.kb.nl/resolve?urn=KBEU7475:015586000"><dc:contributor xml:lang="nl">J.J.A. Goeverneur (1809-1889)</dc:contributor><dc:contributor rdf:resource="http://viaf.org/viaf/16872684"/><dc:contributor xml:lang="nl">T. Pym Pseud. van Clara Creed</dc:contributor><dc:contributor rdf:resource="http://viaf.org/viaf/291335692"/><dc:creator xml:lang="nl">Hans Christian Andersen (1805-1875)</dc:creator><dc:creator rdf:resource="http://viaf.org/viaf/4925902"/><dc:description xml:lang="nl">zw. ill., 10 gekl. litho's</dc:description><dc:description xml:lang="nl">Omslagillustratie van T. Pym</dc:description><dc:description xml:lang="nl">Datering: Brinkman meldt een uitgave in 2 banden in 1895, en een nieuwe uitgave in 1 band in 1899</dc:description><dc:description xml:lang="nl">Elk deel bevat 15 'stukjes' à 16 (ongenummerde) pagina's (A t/m O)</dc:description><dc:description xml:lang="nl">Deel 1 bevat : Kinderspel ; De halsboordjes ; Het denneboompje (met gekl. plaat) ; De standvastige tinnen soldaat ; Het leelijke jonge eendje ; De varkenshoeder ; De springer ; De sneeuwkoningin ; De stopnaald (met gekl. plaat) ; Eene geschiedenis ; De groote Klaas en de kleine Klaas (met gekl. plaat) ; De kleine zeemeermin ; De klok ; De herderin en de schoorsteenveger ; Vliermoedertje (met gekl. plaat) ; De tuin van het paradijs ; Twaalf met den postwagen ; Op den dag van het sterven ; De boekweit ; Het oude huis (met gekl. plaat) ; De gelukkige familie ; De laatste droom van den ouden eik ; Ib en Christientje ; Het meisje dat op het brood trapte</dc:description><dc:description xml:lang="nl">1e dr.: 1882</dc:description><dc:description xml:lang="nl">3e dr</dc:description><dc:format xml:lang="nl">Papier</dc:format><dc:format rdf:resource="http://vocab.getty.edu/aat/300014109"/><dc:identifier>PPN 863534945</dc:identifier><dc:identifier xml:lang="nl">KW BJ 51708 [-51709]</dc:identifier><dc:language xml:lang="nl">ned</dc:language><dc:publisher xml:lang="nl">A.W. Sijthoff</dc:publisher><dc:subject rdf:resource="http://vocab.getty.edu/aat/300343403"/><dc:subject xml:lang="nl">Sprookjes</dc:subject><dc:subject rdf:resource="http://vocab.getty.edu/aat/300185684"/><dc:title xml:lang="nl">Andersen's Sprookjes: naverteld door J.J.A. Goeverneur</dc:title><dc:type xml:lang="nl">Boek (document)</dc:type><dcterms:alternative xml:lang="nl">Sprookjes</dcterms:alternative><dcterms:extent xml:lang="nl">2 bd., [470] p., [10] bl. pl</dcterms:extent><dcterms:isPartOf xml:lang="nl">Kinderboeken van de Koninklijke Bibliotheek</dcterms:isPartOf><dcterms:isPartOf xml:lang="en">Children's books of the KB - National Library of the Netherlands</dcterms:isPartOf><dcterms:isPartOf xml:lang="en">Europeana - Rise of Literacy project</dcterms:isPartOf><dcterms:issued xml:lang="nl">1895</dcterms:issued><dcterms:medium xml:lang="nl">Papier</dcterms:medium><dcterms:medium rdf:resource="http://vocab.getty.edu/aat/300014109"/><dcterms:spatial xml:lang="nl">Leiden</dcterms:spatial><edm:currentLocation rdf:resource="http://sws.geonames.org/2747373"/><edm:type>TEXT</edm:type></edm:ProvidedCHO><edm:WebResource rdf:about="http://resolver.kb.nl/resolve?urn=KBEU7475:015586000:pdf"><dc:creator xml:lang="nl">Lelystad: Karmac Informatie &amp; Innovatie B.V.</dc:creator><dc:creator xml:lang="nl">Den Haag: Koninklijke Bibliotheek</dc:creator><dc:format xml:lang="en">application/pdf</dc:format><dcterms:created xml:lang="nl">2019</dcterms:created><edm:rights rdf:resource="http://rightsstatements.org/vocab/InC/1.0/"/></edm:WebResource><ore:Aggregation rdf:about="http://resolver.kb.nl/resolve?urn=KBEU7475:015586000#Aggregation"><edm:aggregatedCHO rdf:resource="http://resolver.kb.nl/resolve?urn=KBEU7475:015586000"/><edm:dataProvider>KB - National Library of the Netherlands</edm:dataProvider><edm:hasView rdf:resource="http://imageviewer.kb.nl/ImagingService/imagingService?id=KBEU7475:015586000:00001:image"/><edm:isShownAt rdf:resource="http://opc4.kb.nl/xslt/DB=1/SET=1/TTL=1/CMD?ACT=SRCHA&amp;IKT=1016&amp;SRT=YOP&amp;TRM=ppn+863534945"/><edm:isShownBy rdf:resource="http://resolver.kb.nl/resolve?urn=KBEU7475:015586000:pdf"/><edm:object rdf:resource="http://imageviewer.kb.nl/ImagingService/imagingService?id=KBEU7475:015586000:00001:image"/><edm:provider>KB - National Library of the Netherlands</edm:provider><edm:rights rdf:resource="http://rightsstatements.org/vocab/InC/1.0/"/></ore:Aggregation></rdf:RDF>