<?xml version="1.0" encoding="UTF-8" standalone="yes"?><rdf:RDF xmlns:cc="http://creativecommons.org/ns#" xmlns:crm="http://www.cidoc-crm.org/rdfs/cidoc_crm_v5.0.2_english_label.rdfs#" xmlns:dc="http://purl.org/dc/elements/1.1/" xmlns:dcterms="http://purl.org/dc/terms/" xmlns:doap="http://usefulinc.com/ns/doap#" xmlns:ebucore="http://www.ebu.ch/metadata/ontologies/ebucore/ebucore#" xmlns:edm="http://www.europeana.eu/schemas/edm/" xmlns:foaf="http://xmlns.com/foaf/0.1/" xmlns:odrl="http://www.w3.org/ns/odrl/2/" xmlns:ore="http://www.openarchives.org/ore/terms/" xmlns:owl="http://www.w3.org/2002/07/owl#" xmlns:rdaGr2="http://rdvocab.info/ElementsGr2/" xmlns:rdf="http://www.w3.org/1999/02/22-rdf-syntax-ns#" xmlns:rdfs="http://www.w3.org/2000/01/rdf-schema#" xmlns:skos="http://www.w3.org/2004/02/skos/core#" xmlns:svcs="http://rdfs.org/sioc/services#" xmlns:wgs84="http://www.w3.org/2003/01/geo/wgs84_pos#" xmlns:xalan="http://xml.apache.org/xalan"><edm:ProvidedCHO rdf:about="http://resolver.kb.nl/resolve?urn=KBEU7475:015560000"><dc:contributor xml:lang="nl">W.P. Razoux (1818-1871)</dc:contributor><dc:contributor rdf:resource="http://viaf.org/viaf/9619902"/><dc:creator xml:lang="nl">Heinrich Hoffmann (1809-1894)</dc:creator><dc:creator rdf:resource="http://viaf.org/viaf/76317116"/><dc:description xml:lang="nl">handgekl. lith</dc:description><dc:description xml:lang="nl">De oorspronkelijke auteur is Heinrich Hoffmann</dc:description><dc:description xml:lang="nl">Datering en verdere gegevens: Theo Gielen in "Tot volle waschdom" p. 151-164</dc:description><dc:description xml:lang="nl">Op voorplat Steendr. P.W. van de Weijer. Met handgekleurde litho's, in spiegelbeeld vergeleken met de uitgaven uit 1848 en 185X</dc:description><dc:description xml:lang="nl">Twaalfde duizend</dc:description><dc:format xml:lang="nl">Papier</dc:format><dc:format rdf:resource="http://vocab.getty.edu/aat/300014109"/><dc:identifier>PPN 25826425X</dc:identifier><dc:identifier xml:lang="nl">KW 1087 A 49</dc:identifier><dc:language xml:lang="nl">ned</dc:language><dc:publisher xml:lang="nl">H.A.M. Roelants</dc:publisher><dc:publisher xml:lang="nl">P.W. van de Weijer</dc:publisher><dc:subject rdf:resource="http://vocab.getty.edu/aat/300343403"/><dc:subject xml:lang="nl">Prentenboeken</dc:subject><dc:subject xml:lang="nl">Rijmvertellingen</dc:subject><dc:subject rdf:resource="http://vocab.getty.edu/aat/300026446"/><dc:title xml:lang="nl">Een aardig prentenboek met leerzame vertellingen: naar het beroemde Hoogduitsche kinderwerk "Der Struwwelpeter", voor Nederlandsche jongens en meisjes bewerkt door W.P. Razoux</dc:title><dc:type xml:lang="nl">Boek (document)</dc:type><dcterms:extent xml:lang="nl">20 bl</dcterms:extent><dcterms:isPartOf xml:lang="nl">Kinderboeken van de Koninklijke Bibliotheek</dcterms:isPartOf><dcterms:isPartOf xml:lang="en">Children's books of the KB - National Library of the Netherlands</dcterms:isPartOf><dcterms:isPartOf xml:lang="en">Europeana - Rise of Literacy project</dcterms:isPartOf><dcterms:issued xml:lang="nl">1860</dcterms:issued><dcterms:isVersionOf xml:lang="nl">1e Ned. uitgave 1848</dcterms:isVersionOf><dcterms:isVersionOf xml:lang="nl">Bewerkt naar de 28e druk uit 1858 van 'Der Struwwelpeter' van Heinrich Hoffmann (Zweite Fassung)</dcterms:isVersionOf><dcterms:medium xml:lang="nl">Papier</dcterms:medium><dcterms:medium rdf:resource="http://vocab.getty.edu/aat/300014109"/><dcterms:spatial xml:lang="nl">Schiedam</dcterms:spatial><dcterms:spatial xml:lang="nl">[Utrecht]</dcterms:spatial><dcterms:tableOfContents xml:lang="nl">Bevat 8 verhalen: De geschiedenis van den wreeden Jan ; De geschiedenis van de zwarte jongens ; De geschiedenis van den wilden jager ; De geschiedenis van Soep-Hein ; De geschiedenis van den Duimzuiger ; De allerdroevigste geschiedenis met de zwavelstokjens ; De geschiedenis van Philip, den schommelaar ; Piet de smeerpoets (hier afgebeeld als 'Piet-met-de-lange-haren')</dcterms:tableOfContents><edm:currentLocation rdf:resource="http://sws.geonames.org/2747373"/><edm:type>TEXT</edm:type></edm:ProvidedCHO><edm:WebResource rdf:about="http://resolver.kb.nl/resolve?urn=KBEU7475:015560000:pdf"><dc:creator xml:lang="nl">Lelystad: Karmac Informatie &amp; Innovatie B.V.</dc:creator><dc:creator xml:lang="nl">Den Haag: Koninklijke Bibliotheek</dc:creator><dc:format xml:lang="en">application/pdf</dc:format><dcterms:created xml:lang="nl">2019</dcterms:created><edm:rights rdf:resource="http://creativecommons.org/publicdomain/mark/1.0/"/></edm:WebResource><ore:Aggregation rdf:about="http://resolver.kb.nl/resolve?urn=KBEU7475:015560000#Aggregation"><edm:aggregatedCHO rdf:resource="http://resolver.kb.nl/resolve?urn=KBEU7475:015560000"/><edm:dataProvider>KB - National Library of the Netherlands</edm:dataProvider><edm:hasView rdf:resource="http://imageviewer.kb.nl/ImagingService/imagingService?id=KBEU7475:015560000:00001:image"/><edm:isShownAt rdf:resource="http://opc4.kb.nl/xslt/DB=1/SET=1/TTL=1/CMD?ACT=SRCHA&amp;IKT=1016&amp;SRT=YOP&amp;TRM=ppn+25826425X"/><edm:isShownBy rdf:resource="http://resolver.kb.nl/resolve?urn=KBEU7475:015560000:pdf"/><edm:object rdf:resource="http://imageviewer.kb.nl/ImagingService/imagingService?id=KBEU7475:015560000:00001:image"/><edm:provider>KB - National Library of the Netherlands</edm:provider><edm:rights rdf:resource="http://creativecommons.org/publicdomain/mark/1.0/"/></ore:Aggregation></rdf:RDF>