<?xml version="1.0" encoding="UTF-8" standalone="yes"?><rdf:RDF xmlns:cc="http://creativecommons.org/ns#" xmlns:crm="http://www.cidoc-crm.org/rdfs/cidoc_crm_v5.0.2_english_label.rdfs#" xmlns:dc="http://purl.org/dc/elements/1.1/" xmlns:dcterms="http://purl.org/dc/terms/" xmlns:doap="http://usefulinc.com/ns/doap#" xmlns:ebucore="http://www.ebu.ch/metadata/ontologies/ebucore/ebucore#" xmlns:edm="http://www.europeana.eu/schemas/edm/" xmlns:foaf="http://xmlns.com/foaf/0.1/" xmlns:odrl="http://www.w3.org/ns/odrl/2/" xmlns:ore="http://www.openarchives.org/ore/terms/" xmlns:owl="http://www.w3.org/2002/07/owl#" xmlns:rdaGr2="http://rdvocab.info/ElementsGr2/" xmlns:rdf="http://www.w3.org/1999/02/22-rdf-syntax-ns#" xmlns:rdfs="http://www.w3.org/2000/01/rdf-schema#" xmlns:skos="http://www.w3.org/2004/02/skos/core#" xmlns:svcs="http://rdfs.org/sioc/services#" xmlns:wgs84="http://www.w3.org/2003/01/geo/wgs84_pos#" xmlns:xalan="http://xml.apache.org/xalan"><edm:ProvidedCHO rdf:about="http://resolver.kb.nl/resolve?urn=KBEU7475:015561000"><dc:description xml:lang="nl">Gelith. titel en 8 handgekl. gelith. platen</dc:description><dc:description xml:lang="nl">De keerzijde der illustraties is onbedrukt</dc:description><dc:description xml:lang="nl">Waller 1368</dc:description><dc:description xml:lang="nl">O.a. een afbeelding van een boekbinder.</dc:description><dc:description xml:lang="nl">Datering: Alphabetische naamlijst van boeken 1790-1832, p. 479, zonder jaartal; uitgever werkzaam van 1801-1849; schatting</dc:description><dc:format xml:lang="nl">Papier</dc:format><dc:format rdf:resource="http://vocab.getty.edu/aat/300014109"/><dc:identifier>PPN 86169290X</dc:identifier><dc:identifier xml:lang="nl">KW 32 E 38</dc:identifier><dc:language xml:lang="nl">ned</dc:language><dc:publisher xml:lang="nl">Mensing en Van Westreenen</dc:publisher><dc:subject rdf:resource="http://vocab.getty.edu/aat/300343403"/><dc:subject xml:lang="nl">Beroepenboeken</dc:subject><dc:subject xml:lang="nl">Prentenboeken</dc:subject><dc:subject rdf:resource="http://vocab.getty.edu/aat/300026446"/><dc:subject xml:lang="nl">Handel</dc:subject><dc:subject xml:lang="nl">Beroepen</dc:subject><dc:title xml:lang="nl">Prentgeschenk voor de Nederlandsche jeugd: behelzende voorstellingen uit het dagelijksche leven</dc:title><dc:type xml:lang="nl">Boek (document)</dc:type><dcterms:extent xml:lang="nl">16 p, [8] bl. pl</dcterms:extent><dcterms:isPartOf xml:lang="nl">Kinderboeken van de Koninklijke Bibliotheek</dcterms:isPartOf><dcterms:isPartOf xml:lang="en">Children's books of the KB - National Library of the Netherlands</dcterms:isPartOf><dcterms:isPartOf xml:lang="en">Europeana - Rise of Literacy project</dcterms:isPartOf><dcterms:issued xml:lang="nl">182X</dcterms:issued><dcterms:medium xml:lang="nl">Papier</dcterms:medium><dcterms:medium rdf:resource="http://vocab.getty.edu/aat/300014109"/><dcterms:spatial xml:lang="nl">Rotterdam</dcterms:spatial><dcterms:tableOfContents xml:lang="nl">Bevat: De Jodin ; De koekebakster ; De liedjeszangster ; De mosselvrouw ; De naaldenverkoopster ; De oblievrouw ; De palingvrouw ; De reukverkoopster</dcterms:tableOfContents><edm:currentLocation rdf:resource="http://sws.geonames.org/2747373"/><edm:type>TEXT</edm:type></edm:ProvidedCHO><edm:WebResource rdf:about="http://resolver.kb.nl/resolve?urn=KBEU7475:015561000:pdf"><dc:creator xml:lang="nl">Lelystad: Karmac Informatie &amp; Innovatie B.V.</dc:creator><dc:creator xml:lang="nl">Den Haag: Koninklijke Bibliotheek</dc:creator><dc:format xml:lang="en">application/pdf</dc:format><dcterms:created xml:lang="nl">2019</dcterms:created><edm:rights rdf:resource="http://creativecommons.org/publicdomain/mark/1.0/"/></edm:WebResource><ore:Aggregation rdf:about="http://resolver.kb.nl/resolve?urn=KBEU7475:015561000#Aggregation"><edm:aggregatedCHO rdf:resource="http://resolver.kb.nl/resolve?urn=KBEU7475:015561000"/><edm:dataProvider>KB - National Library of the Netherlands</edm:dataProvider><edm:hasView rdf:resource="http://imageviewer.kb.nl/ImagingService/imagingService?id=KBEU7475:015561000:00001:image"/><edm:isShownAt rdf:resource="http://opc4.kb.nl/xslt/DB=1/SET=1/TTL=1/CMD?ACT=SRCHA&amp;IKT=1016&amp;SRT=YOP&amp;TRM=ppn+86169290X"/><edm:isShownBy rdf:resource="http://resolver.kb.nl/resolve?urn=KBEU7475:015561000:pdf"/><edm:object rdf:resource="http://imageviewer.kb.nl/ImagingService/imagingService?id=KBEU7475:015561000:00001:image"/><edm:provider>KB - National Library of the Netherlands</edm:provider><edm:rights rdf:resource="http://creativecommons.org/publicdomain/mark/1.0/"/></ore:Aggregation></rdf:RDF>