<?xml version="1.0" encoding="UTF-8" standalone="yes"?><rdf:RDF xmlns:cc="http://creativecommons.org/ns#" xmlns:crm="http://www.cidoc-crm.org/rdfs/cidoc_crm_v5.0.2_english_label.rdfs#" xmlns:dc="http://purl.org/dc/elements/1.1/" xmlns:dcterms="http://purl.org/dc/terms/" xmlns:doap="http://usefulinc.com/ns/doap#" xmlns:ebucore="http://www.ebu.ch/metadata/ontologies/ebucore/ebucore#" xmlns:edm="http://www.europeana.eu/schemas/edm/" xmlns:foaf="http://xmlns.com/foaf/0.1/" xmlns:odrl="http://www.w3.org/ns/odrl/2/" xmlns:ore="http://www.openarchives.org/ore/terms/" xmlns:owl="http://www.w3.org/2002/07/owl#" xmlns:rdaGr2="http://rdvocab.info/ElementsGr2/" xmlns:rdf="http://www.w3.org/1999/02/22-rdf-syntax-ns#" xmlns:rdfs="http://www.w3.org/2000/01/rdf-schema#" xmlns:skos="http://www.w3.org/2004/02/skos/core#" xmlns:svcs="http://rdfs.org/sioc/services#" xmlns:wgs84="http://www.w3.org/2003/01/geo/wgs84_pos#" xmlns:xalan="http://xml.apache.org/xalan"><edm:ProvidedCHO rdf:about="http://resolver.kb.nl/resolve?urn=KBEU7475:015569000"><dc:contributor xml:lang="nl">J.J.A. Goeverneur (1809-1889)</dc:contributor><dc:contributor rdf:resource="http://viaf.org/viaf/16872684"/><dc:contributor xml:lang="nl">L. Bechstein</dc:contributor><dc:contributor rdf:resource="http://viaf.org/viaf/10588935"/><dc:contributor xml:lang="nl">Charles Perrault (1628-1703)</dc:contributor><dc:contributor rdf:resource="http://viaf.org/viaf/34461426"/><dc:contributor xml:lang="nl">Jacob Grimm (1785-1863)</dc:contributor><dc:contributor rdf:resource="http://viaf.org/viaf/31997136"/><dc:contributor xml:lang="nl">Wilhelm Grimm (1786-1859)</dc:contributor><dc:contributor rdf:resource="http://viaf.org/viaf/14770699"/><dc:description xml:lang="nl">zw. ill</dc:description><dc:description xml:lang="nl">Lithogr. op voorplat gedrukt door Amand, Amsterdam</dc:description><dc:description xml:lang="nl">Bevat sprookjes uit diverse bronnen, onder andere van Perrault en Grimm</dc:description><dc:description xml:lang="nl">Datering: niet in Brinkman; 1e dr. 1877; nieuwe editie bij A.W. Sijthoff 1887; schatting 188X</dc:description><dc:description xml:lang="nl">De illustraties zijn deels gesigneerd: de meeste door L. Bechstein, enkele door M. Meurer, A.G. Lanson en W.H.</dc:description><dc:description xml:lang="nl">2e dr. (vijfde duizend)</dc:description><dc:format xml:lang="nl">Papier</dc:format><dc:format rdf:resource="http://vocab.getty.edu/aat/300014109"/><dc:identifier>PPN 140960171</dc:identifier><dc:identifier xml:lang="nl">KW BJ 25467</dc:identifier><dc:language xml:lang="nl">ned</dc:language><dc:subject rdf:resource="http://vocab.getty.edu/aat/300343403"/><dc:subject xml:lang="nl">Sprookjes</dc:subject><dc:subject rdf:resource="http://vocab.getty.edu/aat/300185684"/><dc:title xml:lang="nl">Duizendschoon: een nieuwe bundel kinder- en volkssprookjes anderen naverteld door J.J.A Goeverneur</dc:title><dc:type xml:lang="nl">Boek (document)</dc:type><dcterms:extent xml:lang="nl">124 p., [4] bl. pl</dcterms:extent><dcterms:hasPart xml:lang="nl">30</dcterms:hasPart><dcterms:isPartOf xml:lang="nl">Kinderboeken van de Koninklijke Bibliotheek</dcterms:isPartOf><dcterms:isPartOf xml:lang="en">Children's books of the KB - National Library of the Netherlands</dcterms:isPartOf><dcterms:isPartOf xml:lang="en">Europeana - Rise of Literacy project</dcterms:isPartOf><dcterms:isPartOf xml:lang="nl">Het gulden kinderboek</dcterms:isPartOf><dcterms:issued xml:lang="nl">188X</dcterms:issued><dcterms:medium xml:lang="nl">Papier</dcterms:medium><dcterms:medium rdf:resource="http://vocab.getty.edu/aat/300014109"/><dcterms:tableOfContents xml:lang="nl">Bevat onder andere: De zeven zwanen ; De Bremer stadsmuzikanten ; Blauwbaard ; De gele dwerg ; Goudenhaar ; Wasunger stukjes ; Doornroosje ; De schatgraver ; De engel ; Wiesewittel ; Rubezahl en de glaskooper ; Asschepoestertje ; Roodkapje ; Rubezahl en de snijdersgezel</dcterms:tableOfContents><edm:currentLocation rdf:resource="http://sws.geonames.org/2747373"/><edm:type>TEXT</edm:type></edm:ProvidedCHO><edm:WebResource rdf:about="http://resolver.kb.nl/resolve?urn=KBEU7475:015569000:pdf"><dc:creator xml:lang="nl">Lelystad: Karmac Informatie &amp; Innovatie B.V.</dc:creator><dc:creator xml:lang="nl">Den Haag: Koninklijke Bibliotheek</dc:creator><dc:format xml:lang="en">application/pdf</dc:format><dcterms:created xml:lang="nl">2019</dcterms:created><edm:rights rdf:resource="http://rightsstatements.org/vocab/InC/1.0/"/></edm:WebResource><ore:Aggregation rdf:about="http://resolver.kb.nl/resolve?urn=KBEU7475:015569000#Aggregation"><edm:aggregatedCHO rdf:resource="http://resolver.kb.nl/resolve?urn=KBEU7475:015569000"/><edm:dataProvider>KB - National Library of the Netherlands</edm:dataProvider><edm:hasView rdf:resource="http://imageviewer.kb.nl/ImagingService/imagingService?id=KBEU7475:015569000:00001:image"/><edm:isShownAt rdf:resource="http://opc4.kb.nl/xslt/DB=1/SET=1/TTL=1/CMD?ACT=SRCHA&amp;IKT=1016&amp;SRT=YOP&amp;TRM=ppn+140960171"/><edm:isShownBy rdf:resource="http://resolver.kb.nl/resolve?urn=KBEU7475:015569000:pdf"/><edm:object rdf:resource="http://imageviewer.kb.nl/ImagingService/imagingService?id=KBEU7475:015569000:00001:image"/><edm:provider>KB - National Library of the Netherlands</edm:provider><edm:rights rdf:resource="http://rightsstatements.org/vocab/InC/1.0/"/></ore:Aggregation></rdf:RDF>